q,answer
"Is Tesla worth buying?","【Conclusion】Absolutely worth buying new! 【Basis】Technology evolves rapidly, HW4.0 essential for latest features 【Risk】Rapid depreciation of older models 【Action】Test drive latest model"
"Tesla insurance cost","【Conclusion】15-30% higher than gas cars 【Basis】Higher repair costs for aluminum body and sensors 【Risk】First year premiums highest 【Action】Get multiple quotes"
"Winter range loss","【Conclusion】Expect 20-40% reduction in freezing temps 【Basis】Battery less efficient, heating consumes power 【Risk】More frequent charging needed 【Action】Precondition battery while plugged in"
"Home charging installation","【Conclusion】Essential for best EV experience 【Basis】Overnight charging ensures full battery daily 【Risk】Installation costs vary 【Action】Consult certified electrician"
"Model 3 vs Model Y","【Conclusion】Model 3 for enjoyment, Model Y for family 【Basis】Model 3 sportier, Model Y more spacious 【Risk】Wrong choice affects satisfaction 【Action】Test drive both"
"Long range vs standard range","【Conclusion】Standard Range better for most users 【Basis】LFP batteries can charge to 100% daily 【Risk】Extra cost may not provide benefits 【Action】Analyze daily needs"
"Supercharging network","【Conclusion】Best public charging available 【Basis】Extensive coverage, fast charging speeds 【Risk】Peak pricing expensive 【Action】Use for trips, home for daily"
"Battery degradation","【Conclusion】Minimal with modern batteries 【Basis】LFP maintains capacity better 【Risk】Avoid frequent 0-100% on NMC 【Action】Follow recommended practices"
"FSD capability","【Conclusion】Expensive but impressive 【Basis】Continuously improving with updates 【Risk】High upfront cost 【Action】Try subscription first"
"Delivery checklist","【Conclusion】Thorough inspection essential 【Basis】Check panel gaps, paint, electronics 【Risk】Issues harder to fix later 【Action】Take time inspecting"
"Maintenance costs","【Conclusion】Significantly lower than gas cars 【Basis】No oil changes, brake pads last longer 【Risk】Tire replacement more frequent 【Action】Rotate tires regularly"
"Charging time","【Conclusion】Home: overnight, Supercharging: 15-30min 【Basis】Level 2: 6-8 hours, Supercharger: 15min for 200 miles 【Risk】Cold weather increases time 【Action】Plan around schedule"
"Resale value","【Conclusion】Stronger than most luxury cars 【Basis】High demand, software updates keep current 【Risk】New models impact values 【Action】Consider 3-5 year cycle"
"Warranty coverage","【Conclusion】Comprehensive 4-year/50,000-mile 【Basis】Battery: 8 years/100,000+ miles 【Risk】Out-of-warranty expensive 【Action】Understand terms"
"Best Tesla for families","【Conclusion】Model Y is best for families 【Basis】More space, easier access, optional 7-seater 【Risk】Higher price than Model 3 【Action】Test with car seats"
"Tesla in snow","【Conclusion】Excellent with proper tires 【Basis】Low center of gravity, dual motor traction 【Risk】Range reduced in cold 【Action】Install winter tires"
"Charging at apartment","【Conclusion】Challenging but possible 【Basis】Use public charging, workplace charging 【Risk】Inconvenient without dedicated spot 【Action】Research local options"
"Tesla safety features","【Conclusion】Industry-leading safety 【Basis】5-star ratings, active safety systems 【Risk】Over-reliance on automation 【Action】Always pay attention"
"Software updates","【Conclusion】Regular free updates improve car 【Basis】New features, performance improvements 【Risk】Occasional bugs 【Action】Install when convenient"
"Tesla road trip planning","【Conclusion】Easy with built-in navigation 【Basis】Automatically plans charging stops 【Risk】Cold weather affects range 【Action】Trust the system"
"2025 Model Y Juniper Update & Predictions","【The Buzz / Summary】If you're hesitating on which Tesla to buy, just get the new Model Y. It's the one choice you can't go wrong with in the current EV market. 【Pro / Pros】It has the most data, highest global sales, best FSD, and better resale value. 【Con / Cons】BYD or other Chinese brands might have more luxurious interiors. If you really care about interior leather, don't choose Tesla; it will make you angry. 【Hook / Hook】The Model Y will improve your family relationships; it's a heartwarming car perfect for family, elders, kids, and pets."
"Tesla Full Self-Driving (FSD) Issues & Improvements","【The Buzz / Summary】If you're not in the US or China, don't buy it. AP is good enough. In the US, just subscribe; don't buy it outright. 【Pro / Pros】FSD is the tech that truly liberates your hands. Current data shows it drives better than a real person. 【Con / Cons】If you sell the car, the purchased FSD stays with the car, not you. The data in China is not extensive enough yet, so you can wait. 【Hook / Hook】FSD is the tech that will truly free your hands—this is a very strong hook!"
"Tesla Door Handle Safety Concerns & Investigation","【The Buzz / Summary】If your car body freezes in low temperatures and the handle won't open, you should reconsider. 【Pro / Pros】(None) 【Con / Cons】Door handle won't open in low temps/ice. It's also dangerous for the elderly or children in an emergency, as the internal emergency release is not obvious. 【Hook / Hook】As an owner, do you know how to open the door from the outside and inside in an emergency?"
"Tesla Optimus Robot Development","【The Buzz / Summary】A large part of Tesla's AI tech comes from data collected on X and the world models built for FSD. 【Pro / Pros】Hope to see mass production soon for simple transport, assembly, home services, or hazardous material handling. This will benefit many people, especially if it links with the car system. 【Con / Cons】The technology might be immature, and precision may take time. The price will likely not be cheap. 【Hook / Hook】Do you think the Tesla robot should go into factories first, or homes first?"
"Tesla Cybercab vs. Robotaxi Competition","【The Buzz / Summary】Robotaxi will seriously impact people who drive for a living. I think competitors like Waymo will be crushed by Tesla. 【Pro / Pros】I'm excited for Cybercab. I'd love to share my car to earn money while I'm at work. 【Con / Cons】Local regulations in many places cannot keep up with the pace of autonomous driving. 【Hook / Hook】Would you ride in a Tesla Taxi? Are you willing to entrust your life to full autonomous driving? Are you more worried about price or safety?"
"Tesla Battery & Range Anxiety","【The Buzz / Summary】Tesla's range is in the upper-middle tier. You might have this problem with other brands, but not with Tesla. 【Pro / Pros】The navigation automatically plans charging stops. A 400km trip is plenty; you'll have to stop for a break anyway. 【Con / Cons】In extremely cold regions, you might see up to 50% range loss. 【Hook / Hook】What's the longest distance you can accept driving in an EV? ...Range anxiety is nonexistent when driving a Tesla."
"Tesla Hidden Features & Tips","【The Buzz / Summary】The entertainment system has many fun things. The weekly OTA updates are the biggest enjoyment of an EV—it's like getting a new car every day. 【Pro / Pros】Racing games, light shows, dancing, outdoor speakers... all help you enjoy your time in the car. 【Con / Cons】Some features are too complicated or buried too deep, like the 'Rainbow Road' AP lane. The 'dance' feature is not very practical. 【Hook / Hook】Share your favorite hidden Tesla feature—one that nobody knows about!"
"Tesla Model 3 Highland Owner Experience","【The Buzz / Summary】The biggest differences in the new Model 3 Highland are the sound isolation (quietness) and the solid feel of the chassis. 【Pro / Pros】The cabin is much quieter than the first-gen Model 3. The chassis feels very solid. 【Con / Cons】The interior and exterior don't feel like a huge surprise or change. If you are an existing Model 3 owner, I don't recommend upgrading. 【Hook / Hook】As a Model 3 Highland owner, what's your favorite part about the car?"
"Tesla Electric Flying Car Concept","【The Buzz / Summary】Currently, the electric flying car space is dominated by China. I believe Tesla will definitely have plans for this in the future. 【Pro / Pros】The next form of mobility is flying. It can solve urban congestion, improve efficiency, and be more energy-efficient. 【Con / Cons】This is extremely difficult. How do you handle insurance, airspace, etc.? 【Hook / Hook】Do you think Tesla will release a flying car? If they did, would you buy one? (I definitely would)"
"Tesla Extended Warranty Recommendation","【The Buzz / Summary】As an owner, I would not buy the extended warranty. 【Pro / Pros】(None) 【Con / Cons】I think the lifespan of an EV should be treated as 4 years, just like a phone. I recommend changing cars after 4 years. Teslas rarely break down within that time. 【Hook / Hook】Do you think an EV should be driven for 8 years, or replaced every 4 years like a smartphone?"
"Tesla Charger Problems & Solutions","【The Buzz / Summary】It's rare to have issues with Tesla's charging connector. More often, the problem is at a Supercharger, usually the handle gets stuck. 【Pro / Pros】Wiggle it a bit, or press and hold the button to eject it. It's recommended to use official Tesla chargers. 【Con / Cons】You'll encounter more plug/unplug issues at third-party charging stations. 【Hook / Hook】Ever had a Tesla charging failure? How did you fix it? (Usually, just locking the car, waiting 3-4 minutes, and unlocking it solves the problem.)"
"Tesla xAI Investment & Partnership","【The Buzz / Summary】Undoubtedly, the deep cooperation between Tesla and xAI, especially with Grok coming to the car, will be amazing. 【Pro / Pros】It will improve the FSD algorithm, the in-car interaction experience, and the FSD rollout schedule will definitely get faster. 【Con / Cons】The only thing missing now is the regulation. 【Hook / Hook】Do you think AI integration is the key to FSD, or are regulations the real bottleneck?"
"Tesla India Market Entry Strategy","【The Buzz / Summary】I don't think Tesla's entry into the Indian market will make a big splash. 【Pro / Pros】(None) 【Con / Cons】India's consumer spending power is low. Unless they can dramatically lower the price like in China, it won't cause a stir. 【Hook / Hook】Do you think Tesla will sell well in India? (I think the entry-level models might.)"
"Tesla Workplace Conditions & Criticism","【The Buzz / Summary】Tesla is known for its high-intensity, innovative culture: high pressure, long hours, and you can be fired often. 【Pro / Pros】We are at the pinnacle of the industry; of course, we must constantly improve ourselves. 【Con / Cons】(User perspective) You should be thankful you even have a job... you can't just expect to relax. You have to strive for the top. 【Hook / Hook】Do you have any friends who work at Tesla?"
"Tesla CEO Negative Comment Censorship","【The Buzz / Summary】Is Elon Musk an icon? I think he is the icon of this era, the icon of the EV age. 【Pro / Pros】He is undisputed. There's no need to censor; there should be both positive and negative voices. 【Con / Cons】(None) 【Hook / Hook】Do you think negative comments about public figures should be censored?"
"Tesla Model Y L (China-Specific Version)","【The Buzz / Summary】As a Model X owner, I think this 7-seater is completely impractical. 【Pro / Pros】(None) 【Con / Cons】The two middle seats are less comfortable than the original 3-seat bench. It's designed for a use-case (third-row seating) that you will use less than 20% of the time. 【Hook / Hook】Do you find the Tesla Model YL appealing? (I don't find it appealing at all.)"
"Tesla Tax Incentives & Corporate Purchase","【The Buzz / Summary】The whole world is pushing for environmental protection, and Tesla is the biggest beneficiary. 【Pro / Pros】Many countries offer EV tax subsidies. This lowers the 'cost of trying.' Once most people try an EV, they never go back. 【Con / Cons】But if the subsidies are canceled, will you still buy one? 【Hook / Hook】If you were a business owner, would you consider using Teslas as company cars? (I absolutely would.)"
"Tesla Door Handle Fire & Child Lock Risk","【TheBuzz / Summary】(Duplicate of Q3) There have been cases where a car caught fire and external personnel couldn't open the door. 【Pro / Pros】(None) 【Con / Cons】The internal mechanical switch is not obvious and hard to open when power is lost. If you worry about this, I suggest not buying a Tesla. 【Hook / Hook】If you have children, would this be your primary consideration?"
"Tesla Grok AI Integration","【The Buzz / Summary】Grok in a Tesla is like adding wings to a tiger. 【Pro / Pros】It can accumulate more user data, handle more complex FSD commands, and manage vehicle controls (open window, trunk) via natural language. It will massively improve the user experience. 【Con / Cons】(None) 【Hook / Hook】What's your feeling after experiencing an in-car voice assistant? (My feeling is: it's awesome!)"
"Tesla Lithium Refinery Progress","【The Buzz / Summary】Tesla's refinery is mainly for producing its own battery materials, which will significantly reduce production costs. 【Pro / Pros】This allows them to compete head-on with CATL. It gives them stable control over raw materials, so they aren't affected by supply chain issues. 【Con / Cons】(None) 【Hook / Hook】Will car prices drop after the battery factory is built?"
"Tesla Roadster 2.0 Demonstration","【The Buzz / Summary】If it had been released three years ago, it would have been number one in the world. 【Pro / Pros】(None) 【Con / FCons】But in 2025/2026, Xiaomi and BYD Yangwang have built cars with more horsepower. It's not that appealing to me anymore; it's just maintaining its halo. 【Hook / Hook】But if you had the chance, would you want to experience the Tesla Roadster?"
"Tesla Bay Area Robotaxi Expansion","【The Buzz / Summary】Why choose the Bay Area? They must have government/regulatory support, and a high concentration of Tesla owners who consent to data collection. 【Pro / Pros】(None) 【Con / Cons】(None) 【Hook / Hook】If it were you, would you rather drive yourself in the Bay Area, or take a Robotaxi everywhere?"
"Tesla Cybertruck Stainless Steel Design","【The Buzz / Summary】Anyone who buys a Cybertruck must have a huge need for space, and it definitely won't be their first Tesla. 【Pro / Pros】The stainless steel isn't afraid of anything. 【Con / Cons】The angular body is costly to manufacture and difficult to repair. Parking is inconvenient. The only thing it fears is energy consumption; its efficiency is terrible. 【Hook / Hook】If it were you, would you buy a Cybertruck? (I wouldn't at all.)"
"Tesla's Cheaper LFP Battery Patent","【The Buzz / Summary】The LFP battery is my favorite one that Tesla uses. 【Pro / Pros】It's cheaper, safer, and has better thermal stability. LFP batteries can be charged 0-100%, so their daily usability isn't different from NMC. It gives you the highest CP (Cost-Performance) value. 【Con / Cons】(None) 【Hook / Hook】Do you care more about car price or range? ...I personally love that the LFP battery can be charged from 0 to 100."